{
    "accuracy": [
        0.4415380358695984,
        0.5834047794342041,
        0.627001166343689,
        0.6558747887611389,
        0.673313319683075,
        0.6876072287559509,
        0.7022584080696106,
        0.7115494608879089,
        0.7211978435516357,
        0.7290594577789307,
        0.647369921207428,
        0.6923956274986267,
        0.7207689881324768,
        0.7356346249580383,
        0.7537878751754761,
        0.765866219997406,
        0.7705832123756409,
        0.7865208983421326,
        0.7932389974594116,
        0.8040308952331543
    ],
    "loss": [
        1.6423527002334595,
        1.2385202646255493,
        1.1074532270431519,
        1.0325169563293457,
        0.9865782856941223,
        0.9371775984764099,
        0.8985401391983032,
        0.8694177865982056,
        0.8410472869873047,
        0.8060038089752197,
        1.061267375946045,
        0.9124640822410583,
        0.8304072618484497,
        0.7876255512237549,
        0.7354578375816345,
        0.7007262110710144,
        0.6731835603713989,
        0.641747772693634,
        0.612671434879303,
        0.5857002139091492
    ],
    "top_3_accuracy": [
        0.7164808511734009,
        0.8413379192352295,
        0.878573477268219,
        0.8898656368255615,
        0.9005860686302185,
        0.9075900316238403,
        0.9134505391120911,
        0.9207404255867004,
        0.923313319683075,
        0.9279588460922241,
        0.8829330801963806,
        0.9110920429229736,
        0.9272441267967224,
        0.934248149394989,
        0.9418953657150269,
        0.9466123580932617,
        0.9477558732032776,
        0.9538307785987854,
        0.9565466046333313,
        0.9621211886405945
    ],
    "val_accuracy": [
        0.621420681476593,
        0.6646475791931152,
        0.6883260011672974,
        0.7056717872619629,
        0.7177863717079163,
        0.7260462641716003,
        0.7323788404464722,
        0.7392621040344238,
        0.740638792514801,
        0.7527533173561096,
        0.7378854751586914,
        0.7469713687896729,
        0.7582598924636841,
        0.7618392109870911,
        0.7703744769096375,
        0.7723017334938049,
        0.778359055519104,
        0.7835903167724609,
        0.7871695756912231,
        0.7921255230903625
    ],
    "val_loss": [
        1.1802984476089478,
        1.0221130847930908,
        0.9508691430091858,
        0.9034731984138489,
        0.8729613423347473,
        0.8464561104774475,
        0.8255183100700378,
        0.8097004890441895,
        0.798107922077179,
        0.7811858654022217,
        0.8013032674789429,
        0.7771896123886108,
        0.7537317276000977,
        0.7379741072654724,
        0.7185285091400146,
        0.7038663029670715,
        0.689315676689148,
        0.6807404160499573,
        0.6693177223205566,
        0.6608515381813049
    ],
    "val_top_3_accuracy": [
        0.8692180514335632,
        0.8934471607208252,
        0.907489001750946,
        0.9124449491500854,
        0.9187775254249573,
        0.9198788404464722,
        0.9229074716567993,
        0.9273127913475037,
        0.9295154213905334,
        0.9311674237251282,
        0.9240087866783142,
        0.9270374178886414,
        0.9278634190559387,
        0.9319933652877808,
        0.933920681476593,
        0.9369493126869202,
        0.9372246861457825,
        0.9377753138542175,
        0.9386013150215149,
        0.9402533173561096
    ],
    "learning_rate": [
        9.999999747378752e-05,
        9.999999747378752e-05,
        9.999999747378752e-05,
        9.999999747378752e-05,
        9.999999747378752e-05,
        9.999999747378752e-05,
        9.999999747378752e-05,
        9.999999747378752e-05,
        9.999999747378752e-05,
        9.999999747378752e-05,
        9.999999747378752e-06,
        9.999999747378752e-06,
        9.999999747378752e-06,
        9.999999747378752e-06,
        9.999999747378752e-06,
        9.999999747378752e-06,
        9.999999747378752e-06,
        9.999999747378752e-06,
        9.999999747378752e-06,
        9.999999747378752e-06
    ]
}